<?xml version="1.0" encoding="UTF-8"?>
<project-private xmlns="http://www.netbeans.org/ns/project-private/1">
    <editor-bookmarks xmlns="http://www.netbeans.org/ns/editor-bookmarks/2" lastBookmarkId="0"/>
    <open-files xmlns="http://www.netbeans.org/ns/projectui-open-files/2">
        <group>
            <file>file:/D:/XAMPP/htdocs/PhpProject1/inclusion/login.inc.php</file>
            <file>file:/D:/XAMPP/htdocs/PhpProject1/login.php</file>
            <file>file:/D:/XAMPP/htdocs/PhpProject1/nav.inc.php</file>
            <file>file:/D:/XAMPP/htdocs/PhpProject1/lightup.js</file>
            <file>file:/D:/XAMPP/htdocs/PhpProject1/csstyle.css</file>
            <file>file:/D:/XAMPP/htdocs/PhpProject1/head1.php</file>
            <file>file:/D:/XAMPP/htdocs/PhpProject1/inclusion/db.inc.php</file>
            <file>file:/D:/XAMPP/htdocs/PhpProject1/footer.inc.php</file>
            <file>file:/D:/XAMPP/htdocs/PhpProject1/inclusion/register.inc.php</file>
            <file>file:/D:/XAMPP/htdocs/PhpProject1/inclusion/logout.inc.php</file>
            <file>file:/D:/XAMPP/htdocs/PhpProject1/index.php</file>
            <file>file:/D:/XAMPP/htdocs/PhpProject1/register.php</file>
            <file>file:/D:/XAMPP/htdocs/PhpProject1/inclusion/functions.inc.php</file>
        </group>
    </open-files>
</project-private>
